id,title,url,imgurl
1,"Neo4j 4.0 targets scalability, security, and performance",/article/3519193/neo4j-40-boosts-scalability-security-and-performance.html,
2,Tutorial: Big data analytics with Neo4j and Java ,/article/3256278/big-data-analytics-with-neo4j-and-java-part-1.html,
3,Tutorial: Machine learning with Python web services,/article/3322898/machine-learning-with-python-an-introduction.html,
4,Interested in machine learning? Better learn PyTorch,/article/3519411/interested-in-machine-learning-better-learn-pytorch.html,
5,JetBrains taps machine learning for full-line code completion,/article/3518452/jetbrains-taps-machine-learning-for-full-line-code-completion.html,
6,Launchable applies machine learning to software testing,/article/3516397/launchable-applies-machine-learning-to-software-testing.html,
7,"Tutorial: Continuous integration with Jenkins, Maven, and JUnit",/article/3123117/open-source-java-projects-jenkins-with-docker-part-1.html,
8,What is the JDK? Introduction to the Java Development Kit,/article/3296360/what-is-the-jdk-introduction-to-the-java-development-kit.html,
9,Tutorial: Storing data in Java objects,/article/2076301/learn-how-to-store-data-in-objects.html,
10,Tutorial series: Android Studio for beginners,/article/3340234/tutorial-series-android-studio-for-beginners.html,
11,Eclipse readies next enterprise Java for mid-2020,/article/3515037/eclipse-readies-next-enterprise-java-for-mid-2020.html,
12,JDK 14: The new features in Java 14 ,/article/3437797/work-begins-on-java-14.html,
13,"Neo4j 4.0 targets scalability, security, and performance",/article/3519193/neo4j-40-boosts-scalability-security-and-performance.html,
14,Tutorial: Big data analytics with Neo4j and Java ,/article/3256278/big-data-analytics-with-neo4j-and-java-part-1.html,
15,Tutorial: Machine learning with Python web services,/article/3322898/machine-learning-with-python-an-introduction.html,
16,Interested in machine learning? Better learn PyTorch,/article/3519411/interested-in-machine-learning-better-learn-pytorch.html,
17,JetBrains taps machine learning for full-line code completion,/article/3518452/jetbrains-taps-machine-learning-for-full-line-code-completion.html,
18,Launchable applies machine learning to software testing,/article/3516397/launchable-applies-machine-learning-to-software-testing.html,
19,"Tutorial: Continuous integration with Jenkins, Maven, and JUnit",/article/3123117/open-source-java-projects-jenkins-with-docker-part-1.html,
20,What is the JDK? Introduction to the Java Development Kit,/article/3296360/what-is-the-jdk-introduction-to-the-java-development-kit.html,
21,Tutorial: Storing data in Java objects,/article/2076301/learn-how-to-store-data-in-objects.html,
22,Tutorial series: Android Studio for beginners,/article/3340234/tutorial-series-android-studio-for-beginners.html,
23,Eclipse readies next enterprise Java for mid-2020,/article/3515037/eclipse-readies-next-enterprise-java-for-mid-2020.html,
24,JDK 14: The new features in Java 14 ,/article/3437797/work-begins-on-java-14.html,
25,"Neo4j 4.0 targets scalability, security, and performance",/article/3519193/neo4j-40-boosts-scalability-security-and-performance.html,https://images.idgesg.net/images/article/2018/02/target_bullseye_goals_success_thinkstock_538466460-100749274-medium.3x2.jpg
26,Tutorial: Big data analytics with Neo4j and Java ,/article/3256278/big-data-analytics-with-neo4j-and-java-part-1.html,https://images.idgesg.net/images/article/2018/05/how_everyone_i_follow_on_twitter_relates_to_each_other_by_matt_biddulph_cc_by-sa_2-0_1200x800-100756670-medium.3x2.jpg
27,Tutorial: Machine learning with Python web services,/article/3322898/machine-learning-with-python-an-introduction.html,https://images.idgesg.net/images/article/2017/07/python_programming_language-100728349-medium.3x2.jpg
28,Interested in machine learning? Better learn PyTorch,/article/3519411/interested-in-machine-learning-better-learn-pytorch.html,https://images.idgesg.net/images/article/2017/09/data-science-certification7-100734862-medium.3x2.jpg
29,JetBrains taps machine learning for full-line code completion,/article/3518452/jetbrains-taps-machine-learning-for-full-line-code-completion.html,https://images.techhive.com/images/article/2014/10/artificial_intelligence_virtual_digital_identity_binary_stream_thinkstock-100528010-medium.3x2.jpg
30,Launchable applies machine learning to software testing,/article/3516397/launchable-applies-machine-learning-to-software-testing.html,https://images.idgesg.net/images/article/2018/10/artificial-intelligence_brain_machine-learning_digital-transformation_world-networking-100777429-medium.3x2.jpg
31,"Tutorial: Continuous integration with Jenkins, Maven, and JUnit",/article/3123117/open-source-java-projects-jenkins-with-docker-part-1.html,https://images.idgesg.net/images/article/2018/12/assembly_architecture_modular_structure_components_by_niplot_gettyimages-841268264_1200x800-100782338-medium.3x2.jpg
32,What is the JDK? Introduction to the Java Development Kit,/article/3296360/what-is-the-jdk-introduction-to-the-java-development-kit.html,https://images.idgesg.net/images/article/2019/03/javaworld_jvm_jdk_jre_explainer_java_development_kit_write_3x2_2400x1600_by_idg_oracle_vasabii_gettyimages-100790551-medium.3x2.jpg
33,Tutorial: Storing data in Java objects,/article/2076301/learn-how-to-store-data-in-objects.html,https://images.techhive.com/images/article/2015/12/thinkstockphotos-494814626-100632555-medium.jpg
34,Tutorial series: Android Studio for beginners,/article/3340234/tutorial-series-android-studio-for-beginners.html,https://images.idgesg.net/images/article/2019/02/jw_android_studio_for_beginners_3x2_1200x800_pkg_idg_google_darkovujic_gettyimages-100788152-medium.3x2.jpg
35,Eclipse readies next enterprise Java for mid-2020,/article/3515037/eclipse-readies-next-enterprise-java-for-mid-2020.html,https://images.techhive.com/images/article/2016/11/solar-eclipse-100526609-orig-100693873-medium.3x2.jpg
36,JDK 14: The new features in Java 14 ,/article/3437797/work-begins-on-java-14.html,https://images.idgesg.net/images/article/2019/08/java_coffee_beans_processing_by_gregory_hayes_cc0_via_unsplash-100809014-medium.3x2.jpg
